smiles,binding_score,synthesis_score,stability_pred,stability_confidence,reward
CC(=O)OC1=CC=CC=C1C(=O)O,0.12029439210891724,0.18307864665985107,2.548842191696167,1.0,2.6691365838050842
C1CCCCC1,0.19507646560668945,0.4476974606513977,0.253812313079834,1.0,0.44888877868652344
